the_geom,Name,Descriptio
POINT (-76.60947777777777 39.32478055555556),535 - Greenmount  - 30th,
POINT (-76.610525 39.29905277777777),2508-JFX North,
POINT (-76.61066666666666 39.30105833333333),2507-JFX south,
POINT (-76.61072777777777 39.30126388888888),2506-Fallsway and Eager,
POINT (-76.60982777777777 39.302175),2505-Warden St Lot,
POINT (-76.60820555555554 39.30102777777778),2504-Eager St(widows Peak),
POINT (-76.61058888888888 39.29773888888889),2503-Monument and Fallsway,
POINT (-76.6089361111111 39.2988),2502-Madison and Constitution,
POINT (-76.66911388888889 39.30514166666666),930 - Rosedale - Brighton,
POINT (-76.660925 39.30039166666666),932 - Riggs - Braddish,
POINT (-76.66348333333335 39.30029722222222),931 - Riggs - Dukeland,
POINT (-76.63350147971053 39.30434818409336),1113-Division St - Islamic Way,1113
POINT (-76.6366138888889 39.286625),1029-Lombard & Carrolton,1029
POINT (-76.63157400307077 39.30275305569003),1118-Division St - Mosher St,1118
POINT (-76.61468888888888 39.28421111111111),1920 - Charles and Conway,
POINT (-76.61765555555554 39.28406111111111),1921 - Sharp and Conway,
POINT (-76.61844722222222 39.27830555555556),1922 - 182 Hamburg st,
POINT (-76.63454009804764 39.30059140289045),1116-Mosher St - Argyle St,1116
POINT (-76.63350147971053 39.30434818409336),1113-Division St - Islamic Way,1113
POINT (-76.63450850277033 39.30512204068196),1111-Division - Laurens,1111
POINT (-76.63644287497533 39.30669205827265),1107-Division - Presstman,1107
POINT (-76.64127059169711 39.30762937394409),1102-Carey St - Baker St,1102
POINT (-76.582694 39.304777),625 - Milton & E Biddle St,625
POINT (-76.63521220705451 39.30340229710768),1966 Avenue Market Parking Lot,
POINT (-76.621074 39.290996),01 - Eutaw-Lexington Market,1
POINT (-76.62100940934023 39.29039532424097),02 - Eutaw-Fayette,2
POINT (-76.620985 39.289324),03 - Eutaw-Baltimore,3
POINT (-76.620948 39.288678),04 - Eutaw-Redwood,4
POINT (-76.620854 39.287528),05 - Eutaw-Lombard,5
POINT (-76.620675 39.285245),06 - Eutaw-Camden,6
POINT (-76.622129 39.286257),07 - Paca-Pratt,7
POINT (-76.623616 39.287415),08 - Greene-Lombard,8
POINT (-76.623695 39.289222),09 - Greene-Baltimore,9
POINT (-76.623777 39.290333),10 - Greene-Fayette,10
POINT (-76.623837 39.291377),11 - Greene-Lexington,11
POINT (-76.622411 39.29037),12 - Paca-Fayette,12
POINT (-76.6193449773696 39.28756912674072),13 - Howard-Lombard,13
POINT (-76.619369 39.286315),14 - Howard-Pratt,14
POINT (-76.619283 39.285302),15 - Howard-Camden,15
POINT (-76.616191 39.286452),16 -S Hanover- W Pratt,16
POINT (-76.617692 39.287668),17 - Hopkins Pl - W Lombard St,17
POINT (-76.61779 39.289384),18 - Park Ave-W Baltimore St,18
POINT (-76.61948 39.289386),19 -S Howard St - W Baltimore St,19
POINT (-76.61949 39.290447),20 - N Howard St-W Fayette St,20
POINT (-76.619664 39.291602),21 -N Howard St - W Lexington St,21
POINT (-76.61802 39.291581),22 - Park Ave-W Lexington St,22
POINT (-76.617084 39.29167),23-N Liberty St - W Lexington St,23
POINT (-76.617674 39.290451),24 - N Liberty St-W Fayette St,24
POINT (-76.617985 39.290501),25 - Park Ave - W Fayette St,25
POINT (-76.6168431896496 39.29234439807268),26 - N Liberty St-Clay St,26
POINT (-76.616777 39.293019),27 - Cathedral St - W Saratoga St,27
POINT (-76.616793 39.294053),28 - Cathedral St-W Mulberry St,28
POINT (-76.615489 39.294151),29 - N Charles St - E Mulberry St,29
POINT (-76.616872 39.295048),30 - Cathedral St-W Franklin St,30
POINT (-76.618324 39.295011),31 - Park Ave - W Franklin St,31
POINT (-76.618224 39.294017),32 - Park Ave-W Mulberry St,32
POINT (-76.618158 39.292954),33 -Park Ave - W Saratoga St,33
POINT (-76.619659 39.292896),34 - N Howard St - W Saratoga St,34
POINT (-76.619773 39.293987),35 - N Howard St - W Mulberry St,35
POINT (-76.61979737353023 39.29495596870342),36 - N Howard St-W Franklin St,36
POINT (-76.619917 39.296209),37 - N Howard St - W Centre St,37
POINT (-76.621317 39.29579),38 - N Eutaw St-George St,38
POINT (-76.62233 39.289278),39 - S Paca St - W Baltimore St,39
POINT (-76.621145 39.29283),40 - N Eutaw St-W Saratoga,40
POINT (-76.622539 39.292822),41 - N Paca St - W Saratoga St,41
POINT (-76.622571 39.293837),42 - N Paca St-W Mulberry St,42
POINT (-76.622441 39.291428),43 - N Paca St - W Lexington St,43
POINT (-76.623951 39.294792),44 - N Greene St-W Franklin St,44
POINT (-76.623895 39.29284),45 - N Greene St - W Saratoga St,45
POINT (-76.62126 39.29489),46 - N Eutaw St-W Franklin St,46
POINT (-76.62127017974854 39.29669586515518),47 - N Eutaw St - Druid Hill Ave,47
POINT (-76.621199 39.293915),48 - N Eutaw St-W Mulberry St,48
POINT (-76.622656 39.295792),49 - N Paca St - George St,49
POINT (-76.6169571877 39.2962994055),50 - Cathedral St-W Centre St,50
POINT (-76.61647439002991 39.29132167379627),51-Center Plaza,51
POINT (-76.61627054214478 39.28878908065192),52- Hopkins Plaza,52
POINT (-76.615144 39.289526),53 - Charles-Baltimore,53
POINT (-76.614863 39.287744),54 - S Charles St-E Lombard St,54
POINT (-76.613976 39.29117),55 - Saint Paul St - E Lexington St,55
POINT (-76.6137170792 39.2888202196),56 - Light St-E Redwood St,56
POINT (-76.612448 39.290387),57 - N Calvert St - E Fayette St,57
POINT (-76.612025 39.288933),58 - S Calvert St-E Redwood St,58
POINT (-76.612135 39.287825),59 - S Calvert St - E Lombard St,59
POINT (-76.611114 39.291245),60 - Guilford Ave-E Lexington St,60
POINT (-76.611048 39.289701),61 - South St - E Baltimore St,61
POINT (-76.610961 39.288566),62 - South St-Water St,62
POINT (-76.610355 39.292495),63 - N Holliday St - E Saratoga St,63
POINT (-76.610276 39.290498),64 - N Holiday St-E Fayette St,64
POINT (-76.610116 39.287849),65 - Commerce St - E Lombard St,65
POINT (-76.610022 39.286662),66 - Commerce St - E Pratt St,66
POINT (-76.6097554564476 39.28921049389631),67 - Custom House Ave,67
POINT (-76.608945 39.289772),68 - S Gay St - E Baltimore St,68
POINT (-76.608832 39.288624),69 - S Gay St - Water St,69
POINT (-76.6078296304 39.291377722),70 - E Saratoga St - E Lexington Stb,70
POINT (-76.606944 39.287904),71 - Market Pl - E Lombard St,71
POINT (-76.624648 39.291325),72 - Pearl St - W Lexington St,72
POINT (-76.62393 39.293779),73 - N Greene St - W Mulberry St,73
POINT (-76.6228714585 39.2975053831),74 - Druid Hill Ave - Saint Mary St,74
POINT (-76.6250628232956 39.2958219903579),75 - Pennsylvania Ave -Saint Mary St,75
POINT (-76.621448 39.297269),76 - N Eutaw St &amp; W Monument St,76
POINT (-76.615414 39.292327),77 - Saratoga-Charles,77
POINT (-76.594117 39.293968),201-E Fayette St - N Broadway,201
POINT (-76.594029 39.292632),202-E Fairmount Ave - N Broadway,202
POINT (-76.593944 39.291542),203-E Baltimore St - S Broadway,203
POINT (-76.591777 39.291616),204-E Baltimore St - S Ann St,204
POINT (-76.589201 39.291747),205-E Baltimore St - S Washington St,205
POINT (-76.593869 39.290399),206-E Lombard St - S Broadway,206
POINT (-76.59171 39.290499),207-E Lombard St - S Ann St,207
POINT (-76.591047 39.29052),208-E Lombard St - S Durham St,208
POINT (-76.589749 39.290555),209-E Lombard St - S Chapel St,209
POINT (-76.589106 39.290573),210-E Lombard St - S Washington St,210
POINT (-76.593803 39.289257),211-E Pratt St - S Broadway,211
POINT (-76.59571141004562 39.28913991254447),212-E Pratt St - N Bond St,212
POINT (-76.593704 39.287623),213-Gough St - S Broadway,213
POINT (-76.592432 39.287696),214-Gough St - S Regester St,214
POINT (-76.593638 39.286609),215-Bank St - S Broadway,215
POINT (-76.59544 39.286512),216-Bank St - S Bond St,216
POINT (-76.593557 39.285578),218-Eastern Ave - S Broadway,218
POINT (-76.591406 39.285686),219-Eastern Ave - S Ann St,219
POINT (-76.59356564283371 39.28460387354584),220-Fleet St - S Broadway,220
POINT (-76.59326 39.284564),221-Fleet St - S Broadway St (East),221
POINT (-76.591353 39.284726),222-Fleet St - S Ann St,222
POINT (-76.596724 39.284425),223-Fleet St - S Caroline St,223
POINT (-76.598245 39.284346),224-Fleet St - S Eden St,224
POINT (-76.5931847691536 39.2835346957123),225-S Broadway - Aliceanna St(East),225
POINT (-76.593125 39.281841),227-Thames St - S Broadway,227
POINT (-76.6314049065113 39.25054306120661),307-Behind Bldg 1200,307
POINT (-76.63222458257191 39.25093656179605),302-Back of 1312 Shellbanks,302
POINT (-76.631866 39.250484),305-Shellbanks Rd - Blyden Rd,305
POINT (-76.63301 39.250116),303-Berea Rd - Slater Rd,303
POINT (-76.63199614762503 39.24901086313518),308-Fisk Rd - Slater Rd,308
POINT (-76.63219881862668 39.24875486950877),309-Behind 1201 Slater Rd,309
POINT (-76.63295086054555 39.24962970161173),306-Back of 1301 Slater Rd.,306
POINT (-76.630346 39.249721),310-Giles Rd - Shellbanks Rd,310
POINT (-76.62997849643642 39.24942904911602),311-Rear of 2701 Giles-Shellbanks,311
POINT (-76.629266 39.248579),313-Spelman Rd - Woodview Rd,313
POINT (-76.628517 39.248612),314-Woodview Rd - Round Rd,314
POINT (-76.630831 39.248398),312-Sethlow Rd - Slater Rd,312
POINT (-76.62975668907166 39.24815335508407),315-Rear of Comm Ctr.,315
POINT (-76.63008024481715 39.24715462301298),316- Behind Community Center 1039,316
POINT (-76.628802 39.247049),317-Spelman Rd - Claflin Ct,317
POINT (-76.62841466045771 39.24586355224435),319-Spelman Rd - S Denham Cir,319
POINT (-76.62769833066102 39.2464110941083),318- 2822 Round Rd.,318
POINT (-76.628547 39.244608),322-2824 N Denham Cir,322
POINT (-76.62879377603531 39.24451515416843),321-Rear of 2822 Denham,321
POINT (-76.62797972559929 39.24487036222853),323- Off 2820 Spellman,323
POINT (-76.62751572343545 39.24516063447664),324-Bridgeview Rd - Spelman Rd,324
POINT (-76.62585 39.244914),327-3301 Round Rd.,327
POINT (-76.62650721263086 39.24429465760859),326-Side of 2901 Denham Cir.,326
POINT (-76.626069 39.243618),333-Bethune Rd - Spelman Rd,333
POINT (-76.63329475490167 39.25065259288995),301-Behind 2708 Berea Rd.,301
POINT (-76.632756 39.250272),304-Behind 2711 Berea Rd.,304
POINT (-76.63086041808128 39.24823955624256),352-Maint. Backyard 1,352
POINT (-76.6306646168232 39.2480089938705),353-Maint Backyard 2,353
POINT (-76.6310441493988 39.24795914244714),355-Maint. Garage Doors,355
POINT (-76.6296923160553 39.24849608195489),354-Back of Comm. Ctr.,354
POINT (-76.6305211186409 39.24811181231925),356-Back of Comm. Ctr. 2,356
POINT (-76.624986 39.245028),328-Behind 911 Coppin Court,328
POINT (-76.62781829894932 39.24393730532749),325-Rear of 2917 S Denham Cir.,325
POINT (-76.625678 39.242839),335-3430 Spelman Rd,335
POINT (-76.625283 39.242625),336-3456 Spelman Rd,336
POINT (-76.625503 39.242225),337-3446 Spelman Rd(Parking Lot),337
POINT (-76.62395507097244 39.2425053904732),338-Spellman Rd. LLC#7076,338
POINT (-76.62401981794665 39.24204446311966),339-3486 Spelman Rd.,339
POINT (-76.6245967182681 39.24395149812875),332-3401 Round Rd.,332
POINT (-76.6238016694216 39.24413016229553),331-Rear of 3411 Round Rd.,331
POINT (-76.622775 39.2433),341-Seagull Ave. LLC#7076,341
POINT (-76.62229478359222 39.24291461834412),340-Seagull Ave. behind UMBC,340
POINT (-76.620876 39.245257),344-Seagull Ave - Bethune Rd,344
POINT (-76.621161 39.244783),343-835 Seagull Ave.,343
POINT (-76.6207954287529 39.24450165207217),342-Behind 835 Seagull Ave,342
POINT (-76.623826 39.245061),330-Bethune Rd - Bunche Rd,330
POINT (-76.624343 39.245411),329-Coppin Ct - Bunche Rd .,329
POINT (-76.626256 39.247836),348-2627 Carver Rd,348
POINT (-76.6254 39.246813),346-Carver Rd - Bridgeview Rd,346
POINT (-76.625636 39.247806),347-Rear of 2805 Carver Rd.,347
POINT (-76.625822 39.248642),349-2609 Carver Rd.,349
POINT (-76.625322 39.24845),350-2615 Carver Rd. (in circle),350
POINT (-76.62912223843638 39.24541761151036),320-Side of 2810 Denham Cr.,320
POINT (-76.62468329071999 39.24636595538039),345-Carver Rd. Front of School,345
POINT (-76.626792 39.242728),334-Back Circle 1019 Bethune Rd.,334
POINT (-76.55581 39.28705),402-Eastern Ave - Oldham St,402
POINT (-76.558053 39.287142),403-Eastern Ave - S Lehigh St,403
POINT (-76.556592 39.287034),404-Eastern Ave - S Newkirk St,404
POINT (-76.60946388888888 39.31814722222222),509-Greenmount Ave - E 25th St,501
POINT (-76.61216944444443 39.31806111111111),508-Falls St Alley - E 25th St,502
POINT (-76.60876944444443 39.31658888888889),510-Boone St - E 24th St,503
POINT (-76.61042777777777 39.31625833333333),512-Brentwood Ave - E 24th St,504
POINT (-76.61315555555555 39.32208055555556),501-Guilford Ave - E 28th St,505
POINT (-76.60744444444444 39.31603611111111),511-Cokesbury Ave - E 23rd St,506
POINT (-76.60952499999999 39.31549166666667),513-Greenmount Ave - E 23rd St,507
POINT (-76.60820277777778 39.31543888888889),515-23rd ST. - Boone,508
POINT (-76.61271666666666 39.315425),514-Guilford Ave - E 23rd St,509
POINT (-76.60955555555554 39.31450833333333),516-Greenmount Ave - E 22nd St,510
POINT (-76.60732222222222 39.31462777777777),517-Homewood Ave - E 22nd St,511
POINT (-76.6112111111111 39.31400833333333),518-Barclay St - 21st1/2 St,512
POINT (-76.60845277777777 39.31353888888889),520-Boone St - E 21st St,513
POINT (-76.60953611111111 39.31273611111111),521-Greenmount Ave - Worsley St,514
POINT (-76.61105277777777 39.31243333333333),522-Barclay St - E 20th St,515
POINT (-76.60953333333333 39.32001111111111),506-Greenmount Ave - E Lorraine Ave,516
POINT (-76.61103055555554 39.31201666666667),523-Barclay St - Heaver St,517
POINT (-76.61180833333333 39.31130555555556),525-E North Ave - Guilford Ave,518
POINT (-76.60950833333332 39.32215),502-Greenmount Ave - E 28th St,519
POINT (-76.61363055555555 39.31057777777777),526- N Calvert St - McAllister St,520
POINT (-76.61089166666666 39.31003333333333),528-Barclay St - E Lafayette Ave,521
POINT (-76.61238055555555 39.31009166666667),527-Guilford Ave - E Lafayette Ave,522
POINT (-76.61295277777778 39.31951944444445),507-Guilford Ave - E 26th St,523
POINT (-76.61075 39.30846388888889),529-Barclay St - Pitman Pl,524
POINT (-76.6082 39.30483888888889),530-Greenmount Ave - E Preston St,525
POINT (-76.60793055555555 39.30378333333333),531-Greenmount Ave - E Biddle St,526
POINT (-76.60953333333333 39.32092222222222),503-Greenmount-27th,527
POINT (-76.61114722222221 39.32088055555556),504-Barclay St - E 27th St,528
POINT (-76.61260555555555 39.31339722222222),519-Guilford Ave - E 21st St,529
POINT (-76.60764166666667 39.30273333333333),532-Greenmount Ave - E Chase St,530
POINT (-76.60726944444444 39.30136111111111),533-Greenmount Ave - E Eager St,531
POINT (-76.60961944444443 39.31121666666667),524-Greenmount - E North Ave,532
POINT (-76.61115833333332 39.32152222222223),505-Barclay St - Whitridge Ave,533
POINT (-76.557327 39.287016),401-Eastern Ave - S Macon St,401
POINT (-76.587869 39.298647),601-E Monument St - N Chester St,601
POINT (-76.58714979887009 39.29760709115317),602-McElderry St - N Duncan St,602
POINT (-76.586667 39.298691),603 Monumnet/Collington,603
POINT (-76.58599108457565 39.29969726179092),604-E Madison St - N Mederia St,604
POINT (-76.58499330282211 39.29866982722047),605-E Monument St - N Patterson Park Ave,605
POINT (-76.58429861068726 39.29762162085662),606-McElderry St - N Bradford St,606
POINT (-76.583721 39.298807),607-E Monument St - N Montford Ave,607
POINT (-76.583081 39.299893),608-E Madison -N Port,608
POINT (-76.582319 39.298861),609-E Monument St - N Milton Ave,609
POINT (-76.5814688802 39.2978105067),610 - McElderry St - N Rose St,610
POINT (-76.580905 39.298915),611-E Monument St - N Luzerne Ave,611
POINT (-76.580263 39.299997),612-E Madison St - N Glover St,612
POINT (-76.579493 39.298966),613-E Monument St - N Lakewood Ave,613
POINT (-76.57863110303879 39.29795061404889),614-McElderry St - N Belnord Ave,614
POINT (-76.578085 39.299029),615-E Monument St - N Kenwood Ave,615
POINT (-76.577437 39.300113),616-E Madison St - N Streeper St,616
POINT (-76.57646656036377 39.29790702513436),617-McElderry St - N Linwood Ave,617
POINT (-76.575962 39.299112),618-E Monument St - N Curley St,618
POINT (-76.575066447258 39.2980658131924),619-McElderry St - N Potomac St,619
POINT (-76.5744173527 39.2990932566),620 E Monument - Decker,620
POINT (-76.573908 39.300243),621-E Madison St - N Ellwood Ave,621
POINT (-76.573121 39.299225),622-E Monument St - N Robinson St,622
POINT (-76.57604 39.300151),623-E Madison St - N Curley St,623
POINT (-76.573086977005 39.29804090528554),624-McElderry St - N Robinson St,624
POINT (-76.658071 39.307524),701-Thomas Ave - Presbury St,701
POINT (-76.658115 39.308432),702- Thomas Ave - Westwood Ave,702
POINT (-76.65818 39.309431),703-W North Ave - Thomas Ave,703
POINT (-76.657154 39.308489),704-N Warwick Ave - Westwood Ave,704
POINT (-76.655912 39.308514),705-Moreland Ave - Westwood Ave,705
POINT (-76.655994 39.309508),706-W North Ave - Moreland Ave,706
POINT (-76.654071 39.308598),707-N Bentalou St - Westwood Ave,707
POINT (-76.652666 39.308666),708-N Smallwood St - Westwood Ave,708
POINT (-76.652712 39.309613),709-W North Ave - N Smallwood St,709
POINT (-76.652804 39.311245),710-N Smallwood St - Ridgehill Ave,710
POINT (-76.651259 39.308694),711-N Pulaski St - Westwood Ave,711
POINT (-76.651339 39.30968),712-W North Ave - N Pulaski St,712
POINT (-76.651376 39.310219),713-N Pulaski St - Herbert St,10713
POINT (-76.651397 39.310763),714-N Pulaski St - Walbrook Ave,714
POINT (-76.649921 39.30973),715-W North Ave - N Payson St,715
POINT (-76.649955 39.310392),716-N Payson St - Herbert St,716
POINT (-76.649988 39.310831),717-N Payson St - Walbrook Ave,717
POINT (-76.650011 39.31158),718-N Payson St - Ridgehill Ave,718
POINT (-76.648996 39.308785),719-Appleton St - Westwood Ave,719
POINT (-76.648124 39.308812),720-N Monroe St - Westwood Ave,720
POINT (-76.64818 39.309813),721-W North Ave - N Monroe St,721
POINT (-76.648237 39.310883),722-N Monroe St - Walbrook Ave,722
POINT (-76.646459 39.308853),723-N Fulton Ave - Westwood Ave,723
POINT (-76.646518 39.309889),724-W North Ave - N Fulton Ave,724
POINT (-76.64663314819336 39.31084758918878),725-N Fulton Ave - Walbrook Ave,725
POINT (-76.644946 39.308893),726-N Mount St - Westwood Ave,726
POINT (-76.64372 39.310024),727-W North Ave - N Carey St,727
POINT (-76.64239257574081 39.30989087879423),728-W North Ave - Pennsylvania Ave,728
POINT (-76.6434888889 39.308031),729-Cumberland St  &amp;  N Calhoun St,729
POINT (-76.64162546396255 39.30921121216148),730-Cumberland St - Pennsylvania Ave,730
POINT (-76.640912 39.310153),731-W North Ave - Division St,731
POINT (-76.64121 39.310515),732-Whitelock St - Woodbrook Ave,732
POINT (-76.640704 39.310861),733-Ettiing St - Whitelock St,10733
POINT (-76.640141 39.311185),734-Whitelock St - Francis St,734
POINT (-76.63929596543312 39.31156044406966),735-Druid Hill Ave - Whitelock St,735
POINT (-76.636986 39.310319),742-W North Ave - McCulloh St,742
POINT (-76.663122 39.33267),801-Reisterstown Rd - Keyworth Ave,801
POINT (-76.664031 39.333873),802-Reisterstown Rd - Shirley Ave,802
POINT (-76.66598930954933 39.33446547089893),803-Towonda Ave - Oswego Ave,803
POINT (-76.666884 39.337571),804-Reisterstown Rd - Grantley Ave,804
POINT (-76.669476 39.337273),805-Boarman Ave - Willowdale Ave,805
POINT (-76.67358264327049 39.34739927367743),806-Park Heights Ave - W Garrison Ave,806
POINT (-76.668406 39.339445),807-Reisterstown Rd - Laporte St,807
POINT (-76.67148515582085 39.34027301326582),808-Reisterstown Rd - St Ambrose Ave,808
POINT (-76.680281 39.346305),809-W Belvedere Ave - Litchfield Ave,809
POINT (-76.6714 39.345195),810-Park Heights Ave - Woodland,810
POINT (-76.674801 39.346728),811-W Garrison Ave - Denmore Ave,811
POINT (-76.672387 39.348089),812-W Garrison Ave - Palmer Ave,812
POINT (-76.666714 39.342397),813-Pimlico Rd - Sumter Ave,813
POINT (-76.66510552167892 39.34020040899882),814-Pimlico Rd - W Cold Spring Ln,814
POINT (-76.662933 39.337417),815 - Quantico Ave - Pimlico Rd,815
POINT (-76.66361957788467 39.3385398251061),816-Pimlico Rd - Loyola Northway,816
POINT (-76.663974 39.338999),817-Pimlico Rd - Rosewood Ave,817
POINT (-76.67768239974976 39.35287286005084),818-Winner Ave - Avondale Ave,818
POINT (-76.67887330055237 39.35000441410686),819-Park Heights Ave - Hayward Ave,819
POINT (-76.68332308530807 39.35185450263003),820-Park Heights-Rogers,820
POINT (-76.6852368414402 39.35301493113853),821-Park Heights Ave - Manhattan Ave,821
POINT (-76.68816715478897 39.35566237819138),822-Park Heights Ave - Glen Ave,822
POINT (-76.691223532 39.3574044743),823 Park Heights Ave - Taney,823
POINT (-76.69390171766281 39.35877634438256),824-Park Heights Ave - W Strathmore Ave,824
POINT (-76.69657185673714 39.36016166734574),825-Park Heights Ave - Fords Ln.,825
POINT (-76.69965907931328 39.36236195168674),826-Park Heights Ave - Clarks Ln.,826
POINT (-76.70281872153282 39.36494683432851),827-Park Heights Ave - Fallstaff Rd,827
POINT (-76.67585045099258 39.34886986249796),828-Park Heights Ave - W Belvedere Ave,828
POINT (-76.67046993970871 39.34411056003898),829-Park Heights Ave - Virginia Ave,829
POINT (-76.6675691306591 39.34101772125064),830-Park Heights Ave - Wiley Ave,830
POINT (-76.66328 39.33563),831-Park Heights Ave - Oswego Ave,831
POINT (-76.68628424406052 39.35389535063389),832-Park Heights Ave - Trainor Ave(JCC),832
POINT (-76.68757438659668 39.35499663714035),833-Park Heights Ave - Trainor Ave,833
POINT (-76.68969467282295 39.35644425288283),834-Park Heights Ave - Menlo Dr,834
POINT (-76.69277787208557 39.35818425560414),835-Park Heights Ave - Pinkney Rd,835
POINT (-76.69433355331421 39.35900135754103),836-Park Heights Ave - W Strathmore Ave,836
POINT (-76.69784992933273 39.36090097891113),837-Park Heights Ave - Bancroft Rd,837
POINT (-76.69887989759445 39.36173878676679),838-Park Heights Ave - N.Bancroft Rd,838
POINT (-76.554981 39.287102),405-Eastern Ave - S Ponca St,405
POINT (-76.67114 39.308965),901- W North Ave - Bloomingdale Rd,901
POINT (-76.669338 39.309002),902 W North Ave - N Rosedale St - 1.1.9.2,902
POINT (-76.667563 39.309079),903- W North Ave - N Longwood St,903
POINT (-76.66566878557205 39.30923196543881),904- North Ave - Poplar Grove St,904
POINT (-76.664032 39.309212),905- W North Ave - N Dukeland St,905
POINT (-76.661155 39.309311),906-W North Ave - Braddish Ave,906
POINT (-76.66477024555206 39.30817769116516),907- Westwood Ave (Dead End),907
POINT (-76.669179 39.306478),908- N Rosedale St - Grayson St,908
POINT (-76.665568202734 39.30715868262892),909- Poplar Grove St - Presbury St,909
POINT (-76.663825 39.306043),910- Baker St - N Dukeland St,910
POINT (-76.667005 39.305242),911- Bloomingdale Rd - Brighton St,911
POINT (-76.66559234261513 39.30466090750337),912-Poplar Grove St - Pressman St,912
POINT (-76.66616901755333 39.30353703527621),913- Blooomingdale Rd - Belmont Ave,913
POINT (-76.668978 39.302958),914 - N Rosedale St - Normount Ct,914
POINT (-76.667342 39.301316),915- Winchester St - N Longwood St,915
POINT (-76.66565135121346 39.30217549645636),916- Bloomingdale Rd - Ellicott Driveway,916
POINT (-76.66352704167366 39.30243390029608),917 - Ellicott Driveway - N Dukeland St,917
POINT (-76.66512966156006 39.30018917967114),918- Poplar Grove St - Riggs Ave,918
POINT (-76.663437 39.299255),919- Mosher St - N Dukeland St,919
POINT (-76.66520610451698 39.29797655981847),920 - Poplar Grove St - W. Lafayette Ave,920
POINT (-76.666835 39.296935),921-N Franklintown Rd - N Longwood St,921
POINT (-76.66509747505188 39.29618524130141),922 - Poplar Grove St - Rayner Ave,922
POINT (-76.66480779647827 39.29452049864725),923 - Poplar Grove St - Edmonson Ave,923
POINT (-76.65927708148956 39.29474364288384),924 - Edmonson Ave - Braddish Ave,924
POINT (-76.65621533989906 39.29482148372927),925- Edmonson Ave - N Warwick Ave,925
POINT (-76.6740533709526 39.29418837567582),926 - Edmonson Ave - Denison St,926
POINT (-76.6938266158104 39.29348883651356),927 - Edmonson Ave - Swan Ave,927
POINT (-76.6824634373188 39.29387908474198),928 - Edmonson Ave - N Loudon Ave,928
POINT (-76.6782858967781 39.29406175337814),929 - Edmonson Ave - Allendale St,929
POINT (-76.640803 39.285454),1001-W Pratt St - S Stricker St,1001
POINT (-76.6407376528 39.2844481691),1002-McHenry - Stricker,1002
POINT (-76.640686 39.283346),1003-S Stricker St - Ramsay St,1003
POINT (-76.6414377093 39.2844481691),1004-Parrish - McHenry,1004
POINT (-76.641401 39.283308),1005-Parrish-Ramsey,1005
POINT (-76.64211362600327 39.28440041960381),1006 McHenry St - S Gilmor St,1006
POINT (-76.64208948612213 39.28327518406798),1007-S Gilmor St - Ramsay St,1007
POINT (-76.64362102746964 39.2853201097617),1008-W Pratt St - S Mount St,1008
POINT (-76.64355397224426 39.2843651265129),1009-MCHenry St - S Mount St,1009
POINT (-76.64351105690002 39.28325857529001),1010-S Mount St - Ramsey St,1010
POINT (-76.645048 39.285251),1011-W Pratt St - S Fulton Ave,1011
POINT (-76.64498090744019 39.28433398553556),1012-S Fulton St - McHenry St,1012
POINT (-76.644949 39.28377),1013-Wilhelm St - S Fulton Ave,1013
POINT (-76.6449111700058 39.28320667283344),1014-Ramsay St - S Fulton Ave,1014
POINT (-76.64578825235367 39.28430699667734),1015-McHenry St - S Addison St,1015
POINT (-76.646775 39.285175),1016-W Pratt St - S Monroe St,1016
POINT (-76.6466861111 39.283694),1017-S Monroe St - Wilhelm St,1017
POINT (-76.646666 39.283147),1018-S Monroe St - Ramsay St,1018
POINT (-76.64844363927841 39.28419904114046),1019-S Payson St - McHenry St,1019
POINT (-76.648399 39.283082),1020-S Payson St - Ramsay St,1020
POINT (-76.648393 39.282815),1021-S Payson St - Ashton St,1021
POINT (-76.6498249769 39.2841720522),1022-S Pulaski St - McHenry,1022
POINT (-76.64978474378586 39.28359905445131),1023-S Pulaski St - Wilhelm St,1023
POINT (-76.649783 39.283009),1024-S Pulaski St - Ramsay St,1024
POINT (-76.649772 39.282387),1025-S Pulaski St - Ashton St,1025
POINT (-76.651205 39.28293),1026-S Smallwood St - Ramsay St,1026
POINT (-76.651191 39.281932),1027 Smallwood/Ashton,1027
POINT (-76.637984 39.285587),1028-Pratt - Carey,1028
POINT (-76.63559 39.304339),1964-PENNSYLVANIA-LAURENS,1433
POINT (-76.63683 39.303422),1965-Fremont-Laurens,1434
POINT (-76.60772904753685 39.28191947960688),1901 - Rusty Scupper,1401
POINT (-76.6093048453331 39.2818592716027),1902 - Rash Field,1202
POINT (-76.61000087857246 39.28184681476778),1903 - Carousel,1203
POINT (-76.61162495613098 39.2820066773143),1904 - Science Center,1204
POINT (-76.61081 39.285747),1905 - Spirit Of Baltimore,1205
POINT (-76.61248460412025 39.28426547533669),1906 - Visitor Center,1206
POINT (-76.61190927028656 39.28539069496333),1907- Light Street Food Hall,1207
POINT (-76.61138892173767 39.28595122198001),1908 - Constellation,1208
POINT (-76.61082163453102 39.28525471458497),1909 - Constellation Pier,1209
POINT (-76.61017656326294 39.28600104638662),1910 - Trade Center,1210
POINT (-76.6060084104538 39.28375683691608),1911 - Pier 5 Hotel,1211
POINT (-76.60521179437637 39.28337483665311),1912 - Pier 5 Lighthouse,1212
POINT (-76.60462 39.283761),1913 - Pier 6 Pavillion,1213
POINT (-76.63668 39.287619),1985-HOLLINS-CARROLLTON,1350
POINT (-76.58778 39.297525),1945-McElderry-Chester,1429
POINT (-76.6287703888 39.2997098869),2001-McCulloh 553 Dolphin St,1501
POINT (-76.6282466472 39.2994741658),2002-McCulloh 569 Dolphin St,1502
POINT (-76.6278198126 39.2995690325),2003-McCulloh 520 Hoffman St,1503
POINT (-76.6282128202 39.3001948569),2004-McCulloh 517 Dolphin St,1504
POINT (-76.6270148409 39.2994445713),2005-McCulloh 534 Preston St,1505
POINT (-76.6277109067 39.300440885),2006-McCulloh 503 Dolphin St,1506
POINT (-76.6279515809 39.2990360227),2007-McCulloh 535 Hoffman St,1507
POINT (-76.6273129223 39.2985525119),2008-McCulloh 570 Preston St,1508
POINT (-76.6269140382 39.2988624383),2009-McCulloh 556 Preston St,1509
POINT (-76.6265228709 39.2990795615),2010-McCulloh 516 Preston St,1510
POINT (-76.6266011363 39.2993649117),2011-McCulloh 514 Preston St,1511
POINT (-76.6264790015 39.299944205),2012-McCulloh 1020 Druid Hill Rd,1512
POINT (-76.6259568964 39.3020182455),2013-McCulloh 1135 Tiffany Ct,1513
POINT (-76.625438252 39.3016029967),2014-McCulloh 1101 Tiffany Ct,1514
POINT (-76.62537447000759 39.30068399897763),2015-McCulloh 1035 Tiffany Ct,1515
POINT (-76.6244635924 39.3008151081),2016-McCulloh 1001 Tiffany Ct,1516
POINT (-76.6251184875 39.3005504917),2017-McCulloh 440 Oxford Ct,1517
POINT (-76.6264967193 39.3013736878),2018-McCulloh 443 Manse Ct,1518
POINT (-76.6271579964 39.3011098319),2019-McCulloh 1134 Stoddard Ct,1519
POINT (-76.6266532116 39.3007018995),2020-McCulloh 1100 Stoddard CT,1520
POINT (-76.626190747 39.3003258812),2021-McCulloh 1034 Stoddard Ct,1521
POINT (-76.625654182 39.2998910227),2022-McCulloh 1000 Stoddard Ct,1522
POINT (-76.6247474938 39.2999781031),2023- McCulloh 442 Walton Ct,1523
POINT (-76.6244783596 39.2989138943),2024-McCulloh 900 Stoddard Ct,1524
POINT (-76.645597161 39.3072756718),2102-Gilmor-1638 Bruce Ct,1602
POINT (-76.6451063846 39.3078620282),2106-1679 Bakbury Ct,1606
POINT (-76.6444488131 39.3074507205),2110-1606 Vincent Ct,1610
POINT (-76.6441246569 39.3073932159),2112-1641 Vincent Ct,1612
POINT (-76.6442991088 39.3068188366),2109-1600 Vincent Ct,1609
POINT (-76.6447164386 39.3068001197),2108-Gilmor-1600 Mountmor Ct,1608
POINT (-76.64497297781604 39.30679367066666),2105-1601 Bakbury Ct,1605
POINT (-76.6445150205 39.3057859556),2114-1605-2 Spray Ct,1614
POINT (-76.6440916961 39.3059009898),2115-1601-8 Spray Ct,1615
POINT (-76.6435599253 39.3057260041),2117-1519 Presser Ct,1617
POINT (-76.6439059639 39.3054551286),2116-1500 Pressman Ct,1616
POINT (-76.6440863631 39.305191826),2119-1638 Balmor Ct,1619
POINT (-76.6446301159 39.3052478738),2120-1458 Mountmor Ct,1620
POINT (-76.644510936 39.3048090595),2121-1428 Mountmor Ct,1621
POINT (-76.6434085854 39.304574796),2125-1601 Booker Ct,1625
POINT (-76.6442812851 39.3044347827),2123-1401 Mountmor Ct,1623
POINT (-76.6442252772 39.3040667402),2127-1631 Lorman Ct,1627
POINT (-76.6438455305 39.3037600683),2130-1628 Delano Ct,1630
POINT (-76.6438630163 39.304000985),2126-1629 Lorman Ct,1626
POINT (-76.6440483349 39.3044729982),2124-1639 Booker Ct,1624
POINT (-76.6061664384 39.3012529811),2201-Latrobe 800 Abbott ct,1701
POINT (-76.6050176161 39.301329715),2202-Latrobe 856 Abbott Ct,1702
POINT (-76.6056869228 39.3010088572),2203-Latrobe 818 WebbCt,1703
POINT (-76.6059576314 39.3002994414),2204-Latrobe 800 McAleer Ct,1704
POINT (-76.6052971148 39.3003119142),2205-Latrobe 834 McAleer Ct,1705
POINT (-76.6047406199 39.3000418737),2206-Latrobe 864 McAleer Ct,1706
POINT (-76.6052816304 39.2999771435),2207-Latrobe 831 McAleer Ct - Unit) - 1289,1707
POINT (-76.6058995376 39.2999501721),2208-Latrobe 859 Homewood Ave,1708
POINT (-76.6057097275 39.2993874996),2209-Latrobe 820 Hillman Ct,1709
POINT (-76.6060758059 39.2993496933),2210-Latrobe 819 Hillman Ave,1710
POINT (-76.6043042487 39.3013080691),2211-Latrobe 819 Homewood Ave,1711
POINT (-76.6037329303 39.300778554),2212 Latrobe 916 Webb ct,1712
POINT (-76.6043028539 39.3004376374),2213- Latrobe 921 Webb ct,1713
POINT (-76.6037847596 39.3002226321),2214-Latrobe 922 Ashland ct,1714
POINT (-76.604397337 39.2998221948),2215- Latrobe 859 McAleer Ct,1715
POINT (-76.6039010428 39.2992073681),2216-Latrobe ct 943 Wilmot,1716
POINT (-76.6027394913 39.3013607878),2217-Latrobe 1000 Abbott Ct,1717
POINT (-76.6027147878 39.300600819),2218-Latrobe 1101 Webb CT,1718
POINT (-76.6028714242 39.3002718001),2219-Latrobe 1000 Ashland ct,1719
POINT (-76.6031175261 39.2998685472),2220-Latrobe 1020 McAleer ct,1720
POINT (-76.6035472525 39.2997155135),2221-Latrobe 1001 McAleer ct,1721
POINT (-76.602135833 39.3001485892),2222-Latrobe 1116 McAleer Ct,1722
POINT (-76.6022393402 39.2999091532),2223-Latrobe 1130 McAleer Ct,1723
POINT (-76.6027287109 39.2992878313),2224-Latrobe 1101Wilmot Ct,1724
POINT (-76.604706 39.300228),2225-Latrobe 901 valley ct,1725
POINT (-76.604706 39.300228),2226-Latrobe 901 valley ct,1726
POINT (-76.604636 39.29965),2227-Latrobe 901 McAleer Ct,1727
POINT (-76.5983139856 39.2889742398),2301-Perkins 200 Spring Ct,1801
POINT (-76.5980440382 39.287503727),2302-Perkins 299 Spring Ct,1802
POINT (-76.5975136321 39.2880273743),2303-Perkins 264 Ballou Ct,1803
POINT (-76.5972128062 39.2886074523),2304-Perkins 229 Ballou Ct,1804
POINT (-76.5964394079 39.288149116),2305-Perkins 269 Dallas Ct,1805
POINT (-76.5957734031 39.28864223),2306-Perkins 231 Mason ct,1806
POINT (-76.5957529869 39.2876245462),2307-Perkins 299 Mason Ct,1807
POINT (-76.5956307911 39.2876798677),2308-Perkins 295 Mason Court,1808
POINT (-76.5950165111 39.2891128213),2309-Perkins 200 Herring Ct,1809
POINT (-76.5953375322 39.2880371173),2310-Perkins 270 Herring Ct,1810
POINT (-76.5948263201 39.2876651606),2311-Perkins 299 Herring Ct,1811
POINT (-76.5981564528 39.2864913947),2312-Perkins 354 Spring Ct,1812
POINT (-76.596843 39.286468),217 Bank and Caroline,217
POINT (-76.5977388249 39.2869517079),2313-Perkins Community Bldg,1813
POINT (-76.5974326449 39.2873558717),2314-Perkins 1413 Gough st,1814
POINT (-76.5971263143 39.2871109486),2315-Perkins 319 Ballou Ct,1815
POINT (-76.5973706291 39.2868832013),2316-Perkins 330 Ballou ct,1816
POINT (-76.5966261795 39.2870146689),2317-Perkins 326 Dallas Ct,1817
POINT (-76.5960446372 39.2868506334),2318-Perkins 336 Mason Ct,1818
POINT (-76.5957165457 39.2869796386),2319-Perkins 329 Mason Ct,1819
POINT (-76.5952611737 39.2870654561),2320-Perkins 326 Herring Ct,1820
POINT (-76.6040430381 39.2945785712),2401-231 Orleans St,1901
POINT (-76.6030845205 39.2945427961),2402-310 Forrest St,1902
POINT (-76.6018525995 39.2937395048),2403-1110 New Hope Cir,1903
POINT (-76.6027038003 39.2932459545),2404-1021 New Hope Cir,1904
POINT (-76.6032342085 39.2939118563),2405-1008 New Hope Cir,1905
POINT (-76.601830969 39.2929457986),2406-1124 Colvin St.,1906
POINT (-76.6038930508 39.2936321888),2407-215 Saint Mathews St.,1907
POINT (-76.603336867 39.2926182397),2408-1100 Colvin St.,1908
POINT (-76.6021399962 39.2942348796),2409-SE.Corner of N.Tot Lot,1909
POINT (-76.6022129024 39.29329526),2410-NW. Corner of S.Tot Lot,1910
POINT (-76.6031810765 39.2930222098),2411-SE. Corner of W. Tot Lot,1911
POINT (-76.6013260817 39.2934312526),2412- Courtyard Play Area,1912
POINT (-76.6001393683 39.2934731262),2413-NE. Elderly Bldg. Central Ave.,1913
POINT (-76.6012283354 39.293917434),2414-NE. Community Center,1914
POINT (-76.6001159428 39.2928534162),2415-SE. Elderly Bldg. Central Ave.,1915
POINT (-76.6006969936 39.2928157636),2416-SW. Elderly Bldg. Fayette St.,1916
POINT (-76.6006844896 39.2930004994),2417-Elderly Bldg. Court Yard,1917
POINT (-76.6029833333 39.2918166667),2418-Youth Center Fayette St.,1918
POINT (-76.6022267019 39.2920336344),2419-Daycare Center 1106 Fayette St.,1919
POINT (-76.6019978447 39.2924814959),2420-Daycare Center Play Area,1920
POINT (-76.6007341298 39.2934769883),2421-NW Senior Center,1921
POINT (-76.6361888888889 39.28735555555556),1986 Boyd St Side Entrance,
POINT (-76.63516111111112 39.28746666666667),1987 Arlington Ave East Entrance,
POINT (-76.59343333333332 39.28352222222222),226 aliceanna and broadway west,226
POINT (-76.68254166666667 39.35383333333333),839 3500 Northern Pkwy(E&T),839
POINT (-76.61423888888888 39.29520555555556),78-St Paul and Franklin,78
POINT (-76.61358784200524 39.28646977265915),1924 -  Pratt/Light,1424
POINT (-76.61754444444443 39.28636944444444),1923 - Pratt/Sharp,1423
POINT (-76.640359447638 39.30829679060109),1101 - Pennsylvania - Baker,1101
POINT (-76.63938897742757 39.30749505870838),1103 - Pennsylvania - Gold,1102
POINT (-76.6384299343576 39.30671945353741),1104 - Pennsylvania - Bloom,1104
POINT (-76.63747448203168 39.30586944223781),1106 - Pennsylvania - Presstman,1106
POINT (-76.63801740986247 39.30558949828878),1105 -Freemont - Presstman,1105
POINT (-76.63662011132276 39.30519574404727),1109 - Pennsylvania - Robert,1109
POINT (-76.63543773476431 39.30591732598181),1108 - Division - Robert,1108
POINT (-76.63749054713664 39.30462960780963),1110 - Freemont - Robert,1110
POINT (-76.63458211987803 39.3035731625793),1112 - Pennsylvania - Wilson,1112
POINT (-76.63413345647851 39.30310856236742),1114 - Pennsylvania - Pitcher,1114
POINT (-76.63588256275133 39.30170510062247),1115 - Fremont - Pitcher,1115
POINT (-76.63265592932589 39.30195561065715),1118 - Pennsylvania - Mosher,1118
POINT (-76.64562240235104 39.30783962867702),2101 Behind 1638 Bruce Ct,1601
POINT (-76.64555851397863 39.30676856525924),2103 Behind 1600 Bruce Ct,1603
POINT (-76.64523892740945 39.306768699594),2104-1605 Bruce Ct,1604
POINT (-76.64467223740317 39.30787884014206),2107-1678 Mountmor Ct,1607
POINT (-76.64400996813869 39.30789761729893),2111-1679 Vincent Ct,1611
POINT (-76.64464309932373 39.30621419719377),2113-1600 Spray Ct,1613
POINT (-76.64334440901054 39.30525916821063),2118-Prestman St & Gilmor St,1618
POINT (-76.64386956197787 39.30496870034295),2122 Behind1629 Balmor Ct,1622
POINT (-76.64452954824094 39.30401996240907),2128-1649 Lorman Ct,1628
POINT (-76.64451078947553 39.30377614743436),2129-1658 Delano Ct,1629
POINT (-76.64328635533143 39.30379381104869),2131-1600 Delano Ct,1631
POINT (-76.61539166666667 39.29028611111111),79 - Charles & Fayette,79
POINT (-76.6540948761361 39.30956689439192),737 - North and Bentalou,737
POINT (-76.6026063676475 39.31177833927831),1201 North and Aisquith,
POINT (-76.59937607354041 39.31193614965031),1202 North and Harford,
POINT (-76.59513265295733 39.31221052098746),1203 North and Broadway,
POINT (-76.59170300376306 39.31226029615829),1204 North and Wolfe,
POINT (-76.59041842735647 39.31231670646029),1205 North and Washington,
POINT (-76.5886731666187 39.31239469409911),1206 North and Chester,
POINT (-76.58746959023556 39.31244913292262),1207 North and Collington,
POINT (-76.58378524852453 39.31254007393724),1209 North and Port,
POINT (-76.58403041048656 39.31271332956563),1208 North and Belair,
POINT (-76.58311610602921 39.31276174761437),1210 North and Milton,
POINT (-76.5808862454073 39.31532134026922),1401 Belair and Ravenwood,
POINT (-76.58025192124266 39.31590204783952),1402 Belair and Elmora,
POINT (-76.57952628919054 39.31647791599674),1403 Belair and Lyndale,
POINT (-76.57892259257733 39.31705549658236),1404 Belair and Elmley,
POINT (-76.5771425501327 39.3187572701527),1405 Belair(across from shopping center),
POINT (-76.57589217575828 39.31968222409318),1406 Belair and Cliftmont,
POINT (-76.57470542171735 39.32066599756703),1407 Belair and Mareco,
POINT (-76.57465176704801 39.32092062836623),1408 Belair and Clifton Park Terrace,
POINT (-76.57369283410719 39.32159690195721),1409 Belair and Erdman,
POINT (-76.56479913556821 39.32871157698948),1410 Belair and Sheldon,
POINT (-76.59906881859646 39.31297000870627),1301 Harford and 20th,
POINT (-76.59791601982953 39.31419386059974),1302 Harford and Broadway,
POINT (-76.59700112232869 39.31515566959352),1303 Harford and Darley,
POINT (-76.59636314051392 39.31571960996741),1304 Harford and Cliftview,
POINT (-76.59547050390702 39.31663757470525),1305 Harford and 25th,
POINT (-76.59420055589743 39.31783548392114),1306 Harford(harbor city school),
POINT (-76.593276398356 39.31863760465416),1307 Harford and Montpelier,
POINT (-76.59275515705134 39.31914221620374),1308 Harford and Homestead,
POINT (-76.5910808808932 39.32079736982417),1309 Harford and Abbotston,
POINT (-76.59063888340752 39.3212028056569),1310 Harford and Alameda,
POINT (-76.58990177382661 39.32186787267688),1311 Harford and Tivoly,
POINT (-76.58924262866057 39.32235170282339),1312 Harford and Fenwick,
POINT (-76.58847863386814 39.32293026138491),1313 Harford and Hugo,
POINT (-76.58386666666667 39.30089444444444),626 Montofrd - Ashland,
POINT (-76.62332398447882 39.24626665343226),351-Carver Rd Front of Rec Center,351
POINT (-76.58652222222221 39.29653888888889),627-Collington & Jefferson,627
POINT (-76.58004722222222 39.29681111111111),628-Jefferson & Glover,628
POINT (-76.66688888888889 39.34038888888889),840-Park Heights & Oakford,840
POINT (-76.60660833333333 39.29895555555555),2501-Greenmount and Madison,
POINT (-76.60952222222221 39.32348055555556),534 - Greenmount - 29th,
POINT (-76.60943333333333 39.32604444444445),536 - Greenmount - 31st,
POINT (-76.60938333333333 39.32708611111112),537 - Greenmount - 32nd,
POINT (-76.60941944444444 39.32826388888889),538 - Greenmount - 33rd,
POINT (-76.64434722222222 39.30634722222222),2132 - 1521 Mountmor,
POINT (-76.61559779240923 39.29641315161354),2601 N Charles St - Center St,2601
POINT (-76.6157197934735 39.29851804503426),2602 N Charles St - Madison St,2602
POINT (-76.61573202681544 39.29975306759935),2603 N Charles St - Read Ave,2603
POINT (-76.61848996338053 39.30033640180055),2604 Park Ave - Read St,2604
POINT (-76.61580229236847 39.30110555555555),2605 N Charles - Eager St,2605
POINT (-76.6158820031692 39.30246152784923),2606 N Charles St - Chase St,2606
POINT (-76.61595468588028 39.30352159992223),2607 N Charles St - E Biddle St,2607
POINT (-76.61603324504988 39.30459525863834),2608 N Charles St - Preston St,2608
POINT (-76.61604841927274 39.30547574829475),2609 N Charles - Mt Royal Ave,2609
POINT (-76.61631391186941 39.30882272425739),2610 N Charles St - Lanvale St,2610
POINT (-76.61644554627678 39.31108681621197),2611 N Charles St - North Ave,2611
POINT (-76.61653886163006 39.31229561523002),2612 N Charles St - 20th St,2612
